{
  "hash": "f4899ca0",
  "configHash": "b1e53c7a",
  "lockfileHash": "97b41812",
  "browserHash": "6c18f0cf",
  "optimized": {
    "@angular/common": {
      "src": "../../../../../node_modules/@angular/common/fesm2022/common.mjs",
      "file": "@angular_common.js",
      "fileHash": "94e10f20",
      "needsInterop": false
    },
    "@angular/common/http": {
      "src": "../../../../../node_modules/@angular/common/fesm2022/http.mjs",
      "file": "@angular_common_http.js",
      "fileHash": "78f8cb42",
      "needsInterop": false
    },
    "@angular/core": {
      "src": "../../../../../node_modules/@angular/core/fesm2022/core.mjs",
      "file": "@angular_core.js",
      "fileHash": "30d168cd",
      "needsInterop": false
    },
    "@angular/forms": {
      "src": "../../../../../node_modules/@angular/forms/fesm2022/forms.mjs",
      "file": "@angular_forms.js",
      "fileHash": "13567b4c",
      "needsInterop": false
    },
    "@angular/platform-browser": {
      "src": "../../../../../node_modules/@angular/platform-browser/fesm2022/platform-browser.mjs",
      "file": "@angular_platform-browser.js",
      "fileHash": "c1d590c6",
      "needsInterop": false
    },
    "@angular/router": {
      "src": "../../../../../node_modules/@angular/router/fesm2022/router.mjs",
      "file": "@angular_router.js",
      "fileHash": "50b94381",
      "needsInterop": false
    },
    "rxjs": {
      "src": "../../../../../node_modules/rxjs/dist/esm5/index.js",
      "file": "rxjs.js",
      "fileHash": "b1e44bfa",
      "needsInterop": false
    },
    "rxjs/operators": {
      "src": "../../../../../node_modules/rxjs/dist/esm5/operators/index.js",
      "file": "rxjs_operators.js",
      "fileHash": "a33a7cbe",
      "needsInterop": false
    }
  },
  "chunks": {
    "chunk-FGIJWRIL": {
      "file": "chunk-FGIJWRIL.js"
    },
    "chunk-2DJJH5CC": {
      "file": "chunk-2DJJH5CC.js"
    },
    "chunk-APQJ6POP": {
      "file": "chunk-APQJ6POP.js"
    },
    "chunk-IGJZNA3K": {
      "file": "chunk-IGJZNA3K.js"
    },
    "chunk-V4GYEGQC": {
      "file": "chunk-V4GYEGQC.js"
    },
    "chunk-CONQKHOI": {
      "file": "chunk-CONQKHOI.js"
    },
    "chunk-GC5FLHL6": {
      "file": "chunk-GC5FLHL6.js"
    }
  }
}